system:index,count,theft_risk,.geo
+421734+149659,1,1,"{""geodesic"":false,""type"":""Point"",""coordinates"":[75.77010943810086,26.888283252737104]}"
+421734+149734,3,1,"{""geodesic"":false,""type"":""Point"",""coordinates"":[75.77010943810086,26.901578318942075]}"
+421735+149855,2,1,"{""geodesic"":false,""type"":""Point"",""coordinates"":[75.77019926962927,26.92349721187459]}"
+421736+149622,1,1,"{""geodesic"":false,""type"":""Point"",""coordinates"":[75.77046876421451,26.88163571963462]}"
+421736+149851,6,1,"{""geodesic"":false,""type"":""Point"",""coordinates"":[75.77028910115769,26.92268872811888]}"
+421736+149856,1,1,"{""geodesic"":false,""type"":""Point"",""coordinates"":[75.77046876421451,26.923676874931413]}"
+421736+149890,15,1,"{""geodesic"":false,""type"":""Point"",""coordinates"":[75.77025316854632,26.929246429692956]}"
+421737+149641,4,1,"{""geodesic"":false,""type"":""Point"",""coordinates"":[75.77055859574293,26.884959486185863]}"
+421737+149872,8,1,"{""geodesic"":false,""type"":""Point"",""coordinates"":[75.77051367997872,26.92634936290167]}"
+421738+149633,6,1,"{""geodesic"":false,""type"":""Point"",""coordinates"":[75.77070831495695,26.88343235020286]}"
+421738+149799,5,1,"{""geodesic"":false,""type"":""Point"",""coordinates"":[75.77064842727134,26.913256417635626]}"
+421739+149736,1,1,"{""geodesic"":false,""type"":""Point"",""coordinates"":[75.77100775338499,26.902117308112544]}"
+421739+149782,1,1,"{""geodesic"":false,""type"":""Point"",""coordinates"":[75.77100775338499,26.910381808726445]}"
+421740+149659,1,1,"{""geodesic"":false,""type"":""Point"",""coordinates"":[75.7711874164418,26.888283252737104]}"
+421740+149671,2,1,"{""geodesic"":false,""type"":""Point"",""coordinates"":[75.7711874164418,26.89034937789058]}"
+421740+149795,2,1,"{""geodesic"":false,""type"":""Point"",""coordinates"":[75.77109758491339,26.912717428465157]}"
+421741+149873,2,1,"{""geodesic"":false,""type"":""Point"",""coordinates"":[75.77127724797022,26.92673114689742]}"
+421742+149710,2,1,"{""geodesic"":false,""type"":""Point"",""coordinates"":[75.77145691102704,26.897446068635123]}"
+421742+149794,1,1,"{""geodesic"":false,""type"":""Point"",""coordinates"":[75.77154674255546,26.91253776540833]}"
+421742+149882,4,1,"{""geodesic"":false,""type"":""Point"",""coordinates"":[75.77145691102704,26.928258282880424]}"
+421742+149891,2,1,"{""geodesic"":false,""type"":""Point"",""coordinates"":[75.77145691102704,26.92996508192025]}"
+421743+149628,3,1,"{""geodesic"":false,""type"":""Point"",""coordinates"":[75.77166651792668,26.88259392260435]}"
+421743+149647,1,1,"{""geodesic"":false,""type"":""Point"",""coordinates"":[75.77172640561228,26.886127296055218]}"
+421744+149686,2,1,"{""geodesic"":false,""type"":""Point"",""coordinates"":[75.7718162371407,26.89313415527135]}"
+421744+149688,2,1,"{""geodesic"":false,""type"":""Point"",""coordinates"":[75.7718162371407,26.893493481384997]}"
+421745+149691,1,1,"{""geodesic"":false,""type"":""Point"",""coordinates"":[75.77208573172592,26.89403247055547]}"
+421745+149852,1,1,"{""geodesic"":false,""type"":""Point"",""coordinates"":[75.77208573172592,26.922958222704118]}"
+421746+149671,1,1,"{""geodesic"":false,""type"":""Point"",""coordinates"":[75.77226539478275,26.890439209418993]}"
+421746+149676,2,1,"{""geodesic"":false,""type"":""Point"",""coordinates"":[75.77217556325434,26.89133752470311]}"
+421746+149822,14,1,"{""geodesic"":false,""type"":""Point"",""coordinates"":[75.77217556325434,26.917260337187702]}"
+421747+149652,2,1,"{""geodesic"":false,""type"":""Point"",""coordinates"":[75.77244505783958,26.886935779810926]}"
+421748+149871,1,1,"{""geodesic"":false,""type"":""Point"",""coordinates"":[75.7726247208964,26.92637182078377]}"
+421749+149615,2,1,"{""geodesic"":false,""type"":""Point"",""coordinates"":[75.77280438395323,26.880288246708442]}"
+421749+149646,2,1,"{""geodesic"":false,""type"":""Point"",""coordinates"":[75.77280438395323,26.88585780146998]}"
+421749+149840,6,1,"{""geodesic"":false,""type"":""Point"",""coordinates"":[75.7726247208964,26.92071243449382]}"
+421750+149754,3,1,"{""geodesic"":false,""type"":""Point"",""coordinates"":[75.77280438395323,26.905351243135375]}"
+421751+149634,30,1,"{""geodesic"":false,""type"":""Point"",""coordinates"":[75.77266065350777,26.88329460852596]}"
+421751+149642,12,1,"{""geodesic"":false,""type"":""Point"",""coordinates"":[75.77290918740303,26.884974458107266]}"
+421751+149689,1,1,"{""geodesic"":false,""type"":""Point"",""coordinates"":[75.77316371006687,26.893673144441824]}"
+421751+149829,5,1,"{""geodesic"":false,""type"":""Point"",""coordinates"":[75.77309184484415,26.918610376728978]}"
+421751+149837,2,1,"{""geodesic"":false,""type"":""Point"",""coordinates"":[75.77316371006687,26.920173445323346]}"
+421752+149791,22,1,"{""geodesic"":false,""type"":""Point"",""coordinates"":[75.77315554356429,26.91163128362163]}"
+421752+149871,8,1,"{""geodesic"":false,""type"":""Point"",""coordinates"":[75.77325354159528,26.92610232619854]}"
+421754+149823,42,1,"{""geodesic"":false,""type"":""Point"",""coordinates"":[75.77331342928089,26.917153394891976]}"
+421755+149653,6,1,"{""geodesic"":false,""type"":""Point"",""coordinates"":[75.77379253076576,26.88711544286775]}"
+421755+149667,7,1,"{""geodesic"":false,""type"":""Point"",""coordinates"":[75.7736513669354,26.889617892587797]}"
+421755+149684,1,1,"{""geodesic"":false,""type"":""Point"",""coordinates"":[75.77388236229417,26.892774829157702]}"
+421755+149721,1,1,"{""geodesic"":false,""type"":""Point"",""coordinates"":[75.77388236229417,26.899422362260186]}"
+421755+149727,1,1,"{""geodesic"":false,""type"":""Point"",""coordinates"":[75.77388236229417,26.90050034060113]}"
+421755+149762,1,1,"{""geodesic"":false,""type"":""Point"",""coordinates"":[75.77388236229417,26.90678854758997]}"
+421755+149883,16,1,"{""geodesic"":false,""type"":""Point"",""coordinates"":[75.77335460206474,26.928179680293063]}"
+421756+149657,1,1,"{""geodesic"":false,""type"":""Point"",""coordinates"":[75.77406202535099,26.887923926623458]}"
+421756+149691,4,1,"{""geodesic"":false,""type"":""Point"",""coordinates"":[75.77392727805838,26.893897723262853]}"
+421756+149730,5,1,"{""geodesic"":false,""type"":""Point"",""coordinates"":[75.77399016012826,26.900895599326144]}"
+421757+149661,2,1,"{""geodesic"":false,""type"":""Point"",""coordinates"":[75.77424168840781,26.88855274732234]}"
+421757+149736,3,1,"{""geodesic"":false,""type"":""Point"",""coordinates"":[75.7741219130366,26.902057420426935]}"
+421758+149641,30,1,"{""geodesic"":false,""type"":""Point"",""coordinates"":[75.77414586811085,26.88404320459606]}"
+421758+149766,2,1,"{""geodesic"":false,""type"":""Point"",""coordinates"":[75.77433151993623,26.907507199817264]}"
+421759+149856,1,1,"{""geodesic"":false,""type"":""Point"",""coordinates"":[75.77460101452147,26.923676874931413]}"
+421760+149671,2,1,"{""geodesic"":false,""type"":""Point"",""coordinates"":[75.77469084604988,26.890439209418993]}"
+421760+149837,34,1,"{""geodesic"":false,""type"":""Point"",""coordinates"":[75.77464857238945,26.919502350964034]}"
+421760+149848,1,1,"{""geodesic"":false,""type"":""Point"",""coordinates"":[75.77478067757829,26.922239570476822]}"
+421761+149650,4,1,"{""geodesic"":false,""type"":""Point"",""coordinates"":[75.77496034063512,26.886576453697277]}"
+421762+149879,6,1,"{""geodesic"":false,""type"":""Point"",""coordinates"":[75.77496034063512,26.927599518338738]}"
+421763+149619,3,1,"{""geodesic"":false,""type"":""Point"",""coordinates"":[75.77525977906315,26.880976955092933]}"
+421763+149881,2,1,"{""geodesic"":false,""type"":""Point"",""coordinates"":[75.77531966674876,26.9280786198236]}"
+421764+149623,1,1,"{""geodesic"":false,""type"":""Point"",""coordinates"":[75.77549932980558,26.881815382691446]}"
+421764+149882,1,1,"{""geodesic"":false,""type"":""Point"",""coordinates"":[75.77549932980558,26.928348114408834]}"
+421765+149681,2,1,"{""geodesic"":false,""type"":""Point"",""coordinates"":[75.77567899286241,26.89214600845882]}"
+421766+149648,11,1,"{""geodesic"":false,""type"":""Point"",""coordinates"":[75.77589132192956,26.88601296501906]}"
+421766+149712,1,1,"{""geodesic"":false,""type"":""Point"",""coordinates"":[75.77585865591924,26.897805394748772]}"
+421766+149735,3,1,"{""geodesic"":false,""type"":""Point"",""coordinates"":[75.77573888054802,26.901877757370112]}"
+421766+149806,10,1,"{""geodesic"":false,""type"":""Point"",""coordinates"":[75.77571492547378,26.914514059033394]}"
+421767+149651,1,1,"{""geodesic"":false,""type"":""Point"",""coordinates"":[75.77603831897605,26.886845948282513]}"
+421768+149687,2,1,"{""geodesic"":false,""type"":""Point"",""coordinates"":[75.77612815050446,26.893313818328174]}"
+421768+149843,27,1,"{""geodesic"":false,""type"":""Point"",""coordinates"":[75.77554590911662,26.92114162957401]}"
+421769+149832,217,1,"{""geodesic"":false,""type"":""Point"",""coordinates"":[75.77709311498708,26.91798644087818]}"
+421770+149644,1,1,"{""geodesic"":false,""type"":""Point"",""coordinates"":[75.77657730814653,26.885588306884745]}"
+421770+149669,2,1,"{""geodesic"":false,""type"":""Point"",""coordinates"":[75.77648747661812,26.890079883305344]}"
+421770+149683,1,1,"{""geodesic"":false,""type"":""Point"",""coordinates"":[75.77657730814653,26.89259516610088]}"
+421772+149623,2,1,"{""geodesic"":false,""type"":""Point"",""coordinates"":[75.77684680273177,26.881815382691446]}"
+421772+149745,1,1,"{""geodesic"":false,""type"":""Point"",""coordinates"":[75.77693663426018,26.90373427562396]}"
+421773+149655,3,1,"{""geodesic"":false,""type"":""Point"",""coordinates"":[75.77693663426018,26.88756460050981]}"
+421773+149679,1,1,"{""geodesic"":false,""type"":""Point"",""coordinates"":[75.777116297317,26.891876513873584]}"
+421774+149652,5,1,"{""geodesic"":false,""type"":""Point"",""coordinates"":[75.77726002776245,26.886917813505242]}"
+421774+149661,6,1,"{""geodesic"":false,""type"":""Point"",""coordinates"":[75.777116297317,26.88855274732234]}"
+421774+149668,3,1,"{""geodesic"":false,""type"":""Point"",""coordinates"":[75.777116297317,26.88990022024852]}"
+421774+149766,2,1,"{""geodesic"":false,""type"":""Point"",""coordinates"":[75.7772061288454,26.907507199817264]}"
+421774+149770,5,1,"{""geodesic"":false,""type"":""Point"",""coordinates"":[75.77722409515108,26.9080821215991]}"
+421775+149659,2,1,"{""geodesic"":false,""type"":""Point"",""coordinates"":[75.77747562343065,26.888193421208694]}"
+421775+149703,1,1,"{""geodesic"":false,""type"":""Point"",""coordinates"":[75.77747562343065,26.896188427237355]}"
+421777+149658,1,1,"{""geodesic"":false,""type"":""Point"",""coordinates"":[75.7778349495443,26.88810358968028]}"
+421777+149663,1,1,"{""geodesic"":false,""type"":""Point"",""coordinates"":[75.7778349495443,26.889001904964402]}"
+421777+149668,1,1,"{""geodesic"":false,""type"":""Point"",""coordinates"":[75.7778349495443,26.88990022024852]}"
+421777+149829,2,1,"{""geodesic"":false,""type"":""Point"",""coordinates"":[75.7778349495443,26.918736140868756]}"
+421777+149832,1,1,"{""geodesic"":false,""type"":""Point"",""coordinates"":[75.7778349495443,26.91936496156764]}"
+421779+149688,1,1,"{""geodesic"":false,""type"":""Point"",""coordinates"":[75.77819427565794,26.893493481384997]}"
+421779+149874,17,1,"{""geodesic"":false,""type"":""Point"",""coordinates"":[75.7781414335824,26.926636031161458]}"
+421780+149643,1,1,"{""geodesic"":false,""type"":""Point"",""coordinates"":[75.77837393871476,26.885408643827923]}"
+421781+149640,1,1,"{""geodesic"":false,""type"":""Point"",""coordinates"":[75.77855360177159,26.88486965465745]}"
+421781+149691,2,1,"{""geodesic"":false,""type"":""Point"",""coordinates"":[75.77846377024318,26.89403247055547]}"
+421782+149854,27,1,"{""geodesic"":false,""type"":""Point"",""coordinates"":[75.7784205180258,26.92289833501851]}"
+421782+149891,34,1,"{""geodesic"":false,""type"":""Point"",""coordinates"":[75.77816785462016,26.9295951873915]}"
+421784+149721,4,1,"{""geodesic"":false,""type"":""Point"",""coordinates"":[75.77900275941364,26.899332530731776]}"
+421785+149642,6,1,"{""geodesic"":false,""type"":""Point"",""coordinates"":[75.77906264709925,26.88516909308549]}"
+421785+149673,1,1,"{""geodesic"":false,""type"":""Point"",""coordinates"":[75.77927225399888,26.89079853553264]}"
+421785+149723,1,1,"{""geodesic"":false,""type"":""Point"",""coordinates"":[75.77927225399888,26.899781688373835]}"
+421785+149738,2,1,"{""geodesic"":false,""type"":""Point"",""coordinates"":[75.77918242247047,26.902476634226193]}"
+421785+149852,1,1,"{""geodesic"":false,""type"":""Point"",""coordinates"":[75.77927225399888,26.922958222704118]}"
+421785+149879,4,1,"{""geodesic"":false,""type"":""Point"",""coordinates"":[75.77927225399888,26.927674377945745]}"
+421786+149652,8,1,"{""geodesic"":false,""type"":""Point"",""coordinates"":[75.779294711881,26.886711200989897]}"
+421786+149703,4,1,"{""geodesic"":false,""type"":""Point"",""coordinates"":[75.77949683281992,26.896008764180532]}"
+421786+149705,1,1,"{""geodesic"":false,""type"":""Point"",""coordinates"":[75.77945191705571,26.896547753351005]}"
+421786+149886,2,1,"{""geodesic"":false,""type"":""Point"",""coordinates"":[75.7793620855273,26.929066766636133]}"
+421787+149654,2,1,"{""geodesic"":false,""type"":""Point"",""coordinates"":[75.77963158011254,26.887295105924572]}"
+421788+149639,2,1,"{""geodesic"":false,""type"":""Point"",""coordinates"":[75.77972141164095,26.884689991600627]}"
+421788+149647,1,1,"{""geodesic"":false,""type"":""Point"",""coordinates"":[75.77981124316936,26.886127296055218]}"
+421788+149662,24,1,"{""geodesic"":false,""type"":""Point"",""coordinates"":[75.77969146779814,26.888208393130096]}"
+421788+149675,3,1,"{""geodesic"":false,""type"":""Point"",""coordinates"":[75.77969146779814,26.89109797396068]}"
+421788+149720,2,1,"{""geodesic"":false,""type"":""Point"",""coordinates"":[75.77972141164095,26.899242699203363]}"
+421789+149677,4,1,"{""geodesic"":false,""type"":""Point"",""coordinates"":[75.7801256535188,26.891382440467318]}"
+421789+149745,1,1,"{""geodesic"":false,""type"":""Point"",""coordinates"":[75.77999090622617,26.90373427562396]}"
+421789+149778,3,1,"{""geodesic"":false,""type"":""Point"",""coordinates"":[75.77993101854058,26.90960326881354]}"
+421789+149822,5,1,"{""geodesic"":false,""type"":""Point"",""coordinates"":[75.77991904100345,26.917424600553943]}"
+421789+149884,5,1,"{""geodesic"":false,""type"":""Point"",""coordinates"":[75.779775310558,26.928635575299754]}"
+421790+149615,1,1,"{""geodesic"":false,""type"":""Point"",""coordinates"":[75.780170569283,26.880378078236852]}"
+421790+149712,2,1,"{""geodesic"":false,""type"":""Point"",""coordinates"":[75.780170569283,26.89771556322036]}"
+421791+149739,1,1,"{""geodesic"":false,""type"":""Point"",""coordinates"":[75.78035023233983,26.902656297283016]}"
+421793+149662,1,1,"{""geodesic"":false,""type"":""Point"",""coordinates"":[75.78070955845348,26.888822241907576]}"
+421793+149743,2,1,"{""geodesic"":false,""type"":""Point"",""coordinates"":[75.78070955845348,26.903285117981902]}"
+421794+149675,4,1,"{""geodesic"":false,""type"":""Point"",""coordinates"":[75.7808443057461,26.890978198589465]}"
+421794+149706,2,1,"{""geodesic"":false,""type"":""Point"",""coordinates"":[75.78088922151031,26.896637584879418]}"
+421795+149726,2,1,"{""geodesic"":false,""type"":""Point"",""coordinates"":[75.78106888456712,26.900230846015894]}"
+421795+149860,10,1,"{""geodesic"":false,""type"":""Point"",""coordinates"":[75.78112278348416,26.924054167350747]}"
+421796+149714,1,1,"{""geodesic"":false,""type"":""Point"",""coordinates"":[75.78124854762395,26.898164720862418]}"
+421796+149873,19,1,"{""geodesic"":false,""type"":""Point"",""coordinates"":[75.78142821068077,26.9262961731809]}"
+421797+149750,4,1,"{""geodesic"":false,""type"":""Point"",""coordinates"":[75.78129346338815,26.904497843615463]}"
+421798+149616,3,1,"{""geodesic"":false,""type"":""Point"",""coordinates"":[75.7816078737376,26.880378078236852]}"
+421799+149658,35,1,"{""geodesic"":false,""type"":""Point"",""coordinates"":[75.78162840665837,26.887641598962734]}"
+421799+149891,1,1,"{""geodesic"":false,""type"":""Point"",""coordinates"":[75.78178753679443,26.92996508192025]}"
+421800+149865,1,1,"{""geodesic"":false,""type"":""Point"",""coordinates"":[75.78196719985124,26.92529384244283]}"
+421801+149724,2,1,"{""geodesic"":false,""type"":""Point"",""coordinates"":[75.78214686290806,26.89987151990225]}"
+421803+149648,1,1,"{""geodesic"":false,""type"":""Point"",""coordinates"":[75.78250618902172,26.88630695911204]}"
+421803+149676,10,1,"{""geodesic"":false,""type"":""Point"",""coordinates"":[75.78239839118763,26.89096023228378]}"
+421803+149858,1,1,"{""geodesic"":false,""type"":""Point"",""coordinates"":[75.78250618902172,26.924036201045062]}"
+421804+149644,1,1,"{""geodesic"":false,""type"":""Point"",""coordinates"":[75.78268585207854,26.885588306884745]}"
+421804+149685,55,1,"{""geodesic"":false,""type"":""Point"",""coordinates"":[75.7820913306905,26.89230770520996]}"
+421804+149857,1,1,"{""geodesic"":false,""type"":""Point"",""coordinates"":[75.78268585207854,26.92385653798824]}"
+421804+149873,10,1,"{""geodesic"":false,""type"":""Point"",""coordinates"":[75.78234449227057,26.92640775339514]}"
+421805+149634,1,1,"{""geodesic"":false,""type"":""Point"",""coordinates"":[75.78286551513537,26.88379167631651]}"
+421805+149762,1,1,"{""geodesic"":false,""type"":""Point"",""coordinates"":[75.78286551513537,26.90678854758997]}"
+421806+149616,2,1,"{""geodesic"":false,""type"":""Point"",""coordinates"":[75.78304517819218,26.880467909765265]}"
+421806+149677,2,1,"{""geodesic"":false,""type"":""Point"",""coordinates"":[75.78295534666377,26.891517187759934]}"
+421806+149856,44,1,"{""geodesic"":false,""type"":""Point"",""coordinates"":[75.784233404318,26.92264789560597]}"
+421807+149888,134,1,"{""geodesic"":false,""type"":""Point"",""coordinates"":[75.78229568827604,26.92813225058683]}"
+421808+149699,2,1,"{""geodesic"":false,""type"":""Point"",""coordinates"":[75.78331467277742,26.89546977501006]}"
+421809+149647,1,1,"{""geodesic"":false,""type"":""Point"",""coordinates"":[75.78358416736266,26.886127296055218]}"
+421811+149686,8,1,"{""geodesic"":false,""type"":""Point"",""coordinates"":[75.78389857771211,26.892774829157702]}"
+421812+149690,1,1,"{""geodesic"":false,""type"":""Point"",""coordinates"":[75.78412315653313,26.893852807498646]}"
+421812+149709,2,1,"{""geodesic"":false,""type"":""Point"",""coordinates"":[75.78403332500471,26.8972664055783]}"
+421812+149782,12,1,"{""geodesic"":false,""type"":""Point"",""coordinates"":[75.78368897081246,26.910142257984013]}"
+421813+149668,1,1,"{""geodesic"":false,""type"":""Point"",""coordinates"":[75.78430281958995,26.88990022024852]}"
+421813+149811,3,1,"{""geodesic"":false,""type"":""Point"",""coordinates"":[75.78436270727556,26.915472262003124]}"
+421814+149873,1,1,"{""geodesic"":false,""type"":""Point"",""coordinates"":[75.78448248264678,26.92673114689742]}"
+421815+149651,1,1,"{""geodesic"":false,""type"":""Point"",""coordinates"":[75.7846621457036,26.886845948282513]}"
+421815+149667,3,1,"{""geodesic"":false,""type"":""Point"",""coordinates"":[75.7847220333892,26.889600781820484]}"
+421815+149690,8,1,"{""geodesic"":false,""type"":""Point"",""coordinates"":[75.7845723141752,26.89358331291341]}"
+421816+149680,13,1,"{""geodesic"":false,""type"":""Point"",""coordinates"":[75.78486944923071,26.8916415698762]}"
+421816+149806,4,1,"{""geodesic"":false,""type"":""Point"",""coordinates"":[75.78475197723202,26.914603890561807]}"
+421816+149817,9,1,"{""geodesic"":false,""type"":""Point"",""coordinates"":[75.78464218314173,26.91645042753472]}"
+421817+149774,1,1,"{""geodesic"":false,""type"":""Point"",""coordinates"":[75.78502147181725,26.908944504271854]}"
+421818+149630,5,1,"{""geodesic"":false,""type"":""Point"",""coordinates"":[75.78527300009681,26.882785563198293]}"
+421818+149636,3,1,"{""geodesic"":false,""type"":""Point"",""coordinates"":[75.78508135950285,26.884091114744546]}"
+421818+149793,2,1,"{""geodesic"":false,""type"":""Point"",""coordinates"":[75.78520113487407,26.912268270823095]}"
+421818+149888,2,1,"{""geodesic"":false,""type"":""Point"",""coordinates"":[75.78520113487407,26.929336261221366]}"
+421819+149684,3,1,"{""geodesic"":false,""type"":""Point"",""coordinates"":[75.78520113487407,26.892774829157702]}"
+421819+149756,2,1,"{""geodesic"":false,""type"":""Point"",""coordinates"":[75.7853807979309,26.90562073772061]}"
+421820+149757,1,1,"{""geodesic"":false,""type"":""Point"",""coordinates"":[75.78556046098772,26.905890232305847]}"
+421821+149685,1,1,"{""geodesic"":false,""type"":""Point"",""coordinates"":[75.78574012404455,26.89295449221453]}"
+421821+149697,13,1,"{""geodesic"":false,""type"":""Point"",""coordinates"":[75.78578158474997,26.89457145972594]}"
+421822+149663,1,1,"{""geodesic"":false,""type"":""Point"",""coordinates"":[75.78591978710136,26.889001904964402]}"
+421822+149833,22,1,"{""geodesic"":false,""type"":""Point"",""coordinates"":[75.78604228464012,26.918613643330012]}"
+421823+149616,1,1,"{""geodesic"":false,""type"":""Point"",""coordinates"":[75.78609945015819,26.88055774129368]}"
+421823+149661,1,1,"{""geodesic"":false,""type"":""Point"",""coordinates"":[75.78609945015819,26.888642578850753]}"
+421823+149688,2,1,"{""geodesic"":false,""type"":""Point"",""coordinates"":[75.78609945015819,26.893403649856587]}"
+421823+149852,1,1,"{""geodesic"":false,""type"":""Point"",""coordinates"":[75.78609945015819,26.922958222704118]}"
+421824+149693,1,1,"{""geodesic"":false,""type"":""Point"",""coordinates"":[75.78627911321502,26.89439179666912]}"
+421824+149840,1,1,"{""geodesic"":false,""type"":""Point"",""coordinates"":[75.78627911321502,26.920802266022232]}"
+421825+149639,3,1,"{""geodesic"":false,""type"":""Point"",""coordinates"":[75.78639888858623,26.884570216229413]}"
+421825+149788,1,1,"{""geodesic"":false,""type"":""Point"",""coordinates"":[75.78645877627184,26.91145978706739]}"
+421825+149829,2,1,"{""geodesic"":false,""type"":""Point"",""coordinates"":[75.78645877627184,26.918736140868756]}"
+421826+149795,1,1,"{""geodesic"":false,""type"":""Point"",""coordinates"":[75.78663843932867,26.912717428465157]}"
+421826+149818,6,1,"{""geodesic"":false,""type"":""Point"",""coordinates"":[75.78648872011465,26.916699959558084]}"
+421827+149619,2,1,"{""geodesic"":false,""type"":""Point"",""coordinates"":[75.7868181023855,26.881006898935738]}"
+421827+149683,5,1,"{""geodesic"":false,""type"":""Point"",""coordinates"":[75.78667437194004,26.892487368266785]}"
+421827+149812,6,1,"{""geodesic"":false,""type"":""Point"",""coordinates"":[75.78669832701426,26.91553214968873]}"
+421828+149684,1,1,"{""geodesic"":false,""type"":""Point"",""coordinates"":[75.78699776544231,26.892774829157702]}"
+421828+149788,3,1,"{""geodesic"":false,""type"":""Point"",""coordinates"":[75.78705765312792,26.911340011696176]}"
+421828+149889,3,1,"{""geodesic"":false,""type"":""Point"",""coordinates"":[75.78687799007109,26.929545868120993]}"
+421829+149615,2,1,"{""geodesic"":false,""type"":""Point"",""coordinates"":[75.78717742849913,26.880288246708442]}"
+421829+149625,2,1,"{""geodesic"":false,""type"":""Point"",""coordinates"":[75.78717742849913,26.88208487727668]}"
+421829+149685,1,1,"{""geodesic"":false,""type"":""Point"",""coordinates"":[75.78717742849913,26.89295449221453]}"
+421829+149726,1,1,"{""geodesic"":false,""type"":""Point"",""coordinates"":[75.78717742849913,26.900320677544308]}"
+421829+149842,11,1,"{""geodesic"":false,""type"":""Point"",""coordinates"":[75.78712842948364,26.920867598042896]}"
+421829+149869,2,1,"{""geodesic"":false,""type"":""Point"",""coordinates"":[75.78708759697072,26.926012494670125]}"
+421830+149706,19,1,"{""geodesic"":false,""type"":""Point"",""coordinates"":[75.78697885354158,26.896311354592026]}"
+421830+149727,1,1,"{""geodesic"":false,""type"":""Point"",""coordinates"":[75.78735709155596,26.90050034060113]}"
+421831+149613,2,1,"{""geodesic"":false,""type"":""Point"",""coordinates"":[75.78744692308437,26.880018752123206]}"
+421832+149679,2,1,"{""geodesic"":false,""type"":""Point"",""coordinates"":[75.7876265861412,26.891876513873584]}"
+421832+149786,2,1,"{""geodesic"":false,""type"":""Point"",""coordinates"":[75.78771641766961,26.91101062942533]}"
+421833+149700,1,1,"{""geodesic"":false,""type"":""Point"",""coordinates"":[75.78789608072643,26.895649438066886]}"
+421834+149751,5,1,"{""geodesic"":false,""type"":""Point"",""coordinates"":[75.78786014811507,26.904740388742177]}"
+421834+149827,7,1,"{""geodesic"":false,""type"":""Point"",""coordinates"":[75.78807574378325,26.91823565092475]}"
+421834+149833,8,1,"{""geodesic"":false,""type"":""Point"",""coordinates"":[75.7883901541327,26.91923021427502]}"
+421835+149654,1,1,"{""geodesic"":false,""type"":""Point"",""coordinates"":[75.78825540684008,26.887384937452985]}"
+421836+149689,4,1,"{""geodesic"":false,""type"":""Point"",""coordinates"":[75.78834523836849,26.89358331291341]}"
+421837+149714,3,1,"{""geodesic"":false,""type"":""Point"",""coordinates"":[75.78861473295373,26.897985057805595]}"
+421838+149629,13,1,"{""geodesic"":false,""type"":""Point"",""coordinates"":[75.78864237342401,26.88242347303762]}"
+421838+149779,17,1,"{""geodesic"":false,""type"":""Point"",""coordinates"":[75.78892121699184,26.90943065136679]}"
+421839+149675,10,1,"{""geodesic"":false,""type"":""Point"",""coordinates"":[75.78888422753896,26.89079853553264]}"
+421839+149689,1,1,"{""geodesic"":false,""type"":""Point"",""coordinates"":[75.78897405906737,26.893673144441824]}"
+421839+149701,1,1,"{""geodesic"":false,""type"":""Point"",""coordinates"":[75.78897405906737,26.89582910112371]}"
+421839+149711,6,1,"{""geodesic"":false,""type"":""Point"",""coordinates"":[75.78891417138178,26.897386180949514]}"
+421839+149817,11,1,"{""geodesic"":false,""type"":""Point"",""coordinates"":[75.7887780630054,26.916408687632625]}"
+421841+149770,2,1,"{""geodesic"":false,""type"":""Point"",""coordinates"":[75.78924355365261,26.90822585204456]}"
+421841+149817,11,1,"{""geodesic"":false,""type"":""Point"",""coordinates"":[75.78939871720169,26.916114693539644]}"
+421842+149667,1,1,"{""geodesic"":false,""type"":""Point"",""coordinates"":[75.78951304823785,26.889720557191698]}"
+421842+149818,1,1,"{""geodesic"":false,""type"":""Point"",""coordinates"":[75.78951304823785,26.916849678772106]}"
+421842+149875,1,1,"{""geodesic"":false,""type"":""Point"",""coordinates"":[75.78951304823785,26.92709047301107]}"
+421843+149816,1,1,"{""geodesic"":false,""type"":""Point"",""coordinates"":[75.78969271129468,26.916490352658457]}"
+421843+149857,1,1,"{""geodesic"":false,""type"":""Point"",""coordinates"":[75.78969271129468,26.92385653798824]}"
+421844+149642,1,1,"{""geodesic"":false,""type"":""Point"",""coordinates"":[75.78987237435149,26.8852289807711]}"
+421844+149664,1,1,"{""geodesic"":false,""type"":""Point"",""coordinates"":[75.78987237435149,26.889181568021225]}"
+421844+149673,1,1,"{""geodesic"":false,""type"":""Point"",""coordinates"":[75.78987237435149,26.89079853553264]}"
+421845+149626,1,1,"{""geodesic"":false,""type"":""Point"",""coordinates"":[75.79005203740832,26.882354371861915]}"
+421846+149713,2,1,"{""geodesic"":false,""type"":""Point"",""coordinates"":[75.79014186893673,26.897985057805595]}"
+421846+149720,1,1,"{""geodesic"":false,""type"":""Point"",""coordinates"":[75.79023170046514,26.899242699203363]}"
+421846+149875,2,1,"{""geodesic"":false,""type"":""Point"",""coordinates"":[75.79014186893673,26.92709047301107]}"
+421847+149635,8,1,"{""geodesic"":false,""type"":""Point"",""coordinates"":[75.79020924258305,26.88381413419861]}"
+421847+149702,2,1,"{""geodesic"":false,""type"":""Point"",""coordinates"":[75.79041136352197,26.895918932652123]}"
+421847+149823,2,1,"{""geodesic"":false,""type"":""Point"",""coordinates"":[75.79032153199356,26.917747994056224]}"
+421849+149650,3,1,"{""geodesic"":false,""type"":""Point"",""coordinates"":[75.7905910265788,26.88666628522569]}"
+421849+149687,1,1,"{""geodesic"":false,""type"":""Point"",""coordinates"":[75.79077068963562,26.893313818328174]}"
+421849+149749,1,1,"{""geodesic"":false,""type"":""Point"",""coordinates"":[75.79077068963562,26.904452927851256]}"
+421849+149890,2,1,"{""geodesic"":false,""type"":""Point"",""coordinates"":[75.79077068963562,26.929695587335015]}"
+421850+149709,1,1,"{""geodesic"":false,""type"":""Point"",""coordinates"":[75.79095035269243,26.8972664055783]}"
+421851+149648,2,1,"{""geodesic"":false,""type"":""Point"",""coordinates"":[75.79113001574926,26.88621712758363]}"
+421851+149693,4,1,"{""geodesic"":false,""type"":""Point"",""coordinates"":[75.79104018422085,26.894301965140706]}"
+421851+149714,2,1,"{""geodesic"":false,""type"":""Point"",""coordinates"":[75.79113001574926,26.89807488933401]}"
+421852+149703,14,1,"{""geodesic"":false,""type"":""Point"",""coordinates"":[75.7913995103345,26.895867600350172]}"
+421852+149709,1,1,"{""geodesic"":false,""type"":""Point"",""coordinates"":[75.79130967880609,26.8972664055783]}"
+421852+149755,3,1,"{""geodesic"":false,""type"":""Point"",""coordinates"":[75.79113001574926,26.9055309061922]}"
+421852+149803,1,1,"{""geodesic"":false,""type"":""Point"",""coordinates"":[75.79130967880609,26.914154732919748]}"
+421852+149832,2,1,"{""geodesic"":false,""type"":""Point"",""coordinates"":[75.79130967880609,26.919275130039228]}"
+421853+149749,1,1,"{""geodesic"":false,""type"":""Point"",""coordinates"":[75.79148934186291,26.904452927851256]}"
+421854+149726,5,1,"{""geodesic"":false,""type"":""Point"",""coordinates"":[75.791597139697,26.90024881232158]}"
+421854+149760,2,1,"{""geodesic"":false,""type"":""Point"",""coordinates"":[75.79157917339133,26.90642922147632]}"
+421855+149813,4,1,"{""geodesic"":false,""type"":""Point"",""coordinates"":[75.79198341526917,26.915816616195368]}"
+421856+149751,1,1,"{""geodesic"":false,""type"":""Point"",""coordinates"":[75.79202833103338,26.904812253964906]}"
+421857+149696,1,1,"{""geodesic"":false,""type"":""Point"",""coordinates"":[75.7922079940902,26.89493078583959]}"
+421857+149754,3,1,"{""geodesic"":false,""type"":""Point"",""coordinates"":[75.7922079940902,26.90517158007855]}"
+421860+149660,3,1,"{""geodesic"":false,""type"":""Point"",""coordinates"":[75.79256732020386,26.88846291579393]}"
+421860+149827,5,1,"{""geodesic"":false,""type"":""Point"",""coordinates"":[75.79267511803795,26.91825105061533]}"
+421861+149861,1,1,"{""geodesic"":false,""type"":""Point"",""coordinates"":[75.7929266463175,26.924575190215535]}"
+421862+149809,1,1,"{""geodesic"":false,""type"":""Point"",""coordinates"":[75.79310630937432,26.91523271126069]}"
+421863+149842,1,1,"{""geodesic"":false,""type"":""Point"",""coordinates"":[75.79328597243115,26.92116159213588]}"
+421864+149652,2,1,"{""geodesic"":false,""type"":""Point"",""coordinates"":[75.79346563548798,26.886935779810926]}"
+421864+149762,8,1,"{""geodesic"":false,""type"":""Point"",""coordinates"":[75.79330843031326,26.906519053004732]}"
+421865+149775,14,1,"{""geodesic"":false,""type"":""Point"",""coordinates"":[75.79358113316736,26.908893171969904]}"
+421866+149825,4,1,"{""geodesic"":false,""type"":""Point"",""coordinates"":[75.79373513007322,26.91801748864146]}"
+421867+149829,4,1,"{""geodesic"":false,""type"":""Point"",""coordinates"":[75.79391479313003,26.918736140868756]}"
+421868+149750,4,1,"{""geodesic"":false,""type"":""Point"",""coordinates"":[75.79413937195106,26.904452927851256]}"
+421869+149863,1,1,"{""geodesic"":false,""type"":""Point"",""coordinates"":[75.7943639507721,26.92493451632918]}"
+421870+149759,1,1,"{""geodesic"":false,""type"":""Point"",""coordinates"":[75.79454361382892,26.906249558419496]}"
+421871+149630,2,1,"{""geodesic"":false,""type"":""Point"",""coordinates"":[75.79472327688575,26.8829831925608]}"
+421871+149633,2,1,"{""geodesic"":false,""type"":""Point"",""coordinates"":[75.79463344535733,26.883612013259683]}"
+421872+149886,8,1,"{""geodesic"":false,""type"":""Point"",""coordinates"":[75.79470081900364,26.92890956146141]}"
+421873+149743,6,1,"{""geodesic"":false,""type"":""Point"",""coordinates"":[75.79499277147097,26.903255174139098]}"
+421874+149635,3,1,"{""geodesic"":false,""type"":""Point"",""coordinates"":[75.795142490685,26.883911451687723]}"
+421875+149732,1,1,"{""geodesic"":false,""type"":""Point"",""coordinates"":[75.79544192911304,26.90139865588525]}"
+421875+149771,1,1,"{""geodesic"":false,""type"":""Point"",""coordinates"":[75.79544192911304,26.908405515101382]}"
+421875+149846,1,1,"{""geodesic"":false,""type"":""Point"",""coordinates"":[75.79544192911304,26.921880244363177]}"
+421877+149891,3,1,"{""geodesic"":false,""type"":""Point"",""coordinates"":[75.79568147985546,26.929905194234642]}"
+421883+149639,1,1,"{""geodesic"":false,""type"":""Point"",""coordinates"":[75.79687923356762,26.884689991600627]}"
+421883+149718,154,1,"{""geodesic"":false,""type"":""Point"",""coordinates"":[75.79679523525535,26.89778206188425]}"
+421883+149871,1,1,"{""geodesic"":false,""type"":""Point"",""coordinates"":[75.79687923356762,26.92637182078377]}"
+421884+149638,1,1,"{""geodesic"":false,""type"":""Point"",""coordinates"":[75.79705889662445,26.884510328543804]}"
+421886+149673,2,1,"{""geodesic"":false,""type"":""Point"",""coordinates"":[75.79732839120969,26.89079853553264]}"
+421887+149679,2,1,"{""geodesic"":false,""type"":""Point"",""coordinates"":[75.79759788579493,26.89178668234517]}"
+421887+149694,9,1,"{""geodesic"":false,""type"":""Point"",""coordinates"":[75.79737829761436,26.894371834107247]}"
+421889+149801,1,1,"{""geodesic"":false,""type"":""Point"",""coordinates"":[75.79795721190857,26.9137954068061]}"
+421890+149683,5,1,"{""geodesic"":false,""type"":""Point"",""coordinates"":[75.7979212792972,26.89252330087815]}"
+421891+149625,4,1,"{""geodesic"":false,""type"":""Point"",""coordinates"":[75.79840636955063,26.88199504574827]}"
+421891+149632,4,1,"{""geodesic"":false,""type"":""Point"",""coordinates"":[75.7981368749654,26.883387434438653]}"
+421891+149739,2,1,"{""geodesic"":false,""type"":""Point"",""coordinates"":[75.79822670649381,26.902656297283016]}"
+421891+149816,1,1,"{""geodesic"":false,""type"":""Point"",""coordinates"":[75.79831653802222,26.916490352658457]}"
+421891+149827,13,1,"{""geodesic"":false,""type"":""Point"",""coordinates"":[75.79839945943307,26.917969117818473]}"
+421893+149745,4,1,"{""geodesic"":false,""type"":""Point"",""coordinates"":[75.79849620107905,26.903644444095548]}"
+421894+149665,2,1,"{""geodesic"":false,""type"":""Point"",""coordinates"":[75.79885552719269,26.889271399549635]}"
+421894+149733,2,1,"{""geodesic"":false,""type"":""Point"",""coordinates"":[75.79885552719269,26.901488487413662]}"
+421895+149687,3,1,"{""geodesic"":false,""type"":""Point"",""coordinates"":[75.7989154148783,26.893253930642565]}"
+421896+149655,33,1,"{""geodesic"":false,""type"":""Point"",""coordinates"":[75.79885008285764,26.887080054689893]}"
+421896+149681,1,1,"{""geodesic"":false,""type"":""Point"",""coordinates"":[75.79921485330634,26.89223583998723]}"
+421896+149691,1,1,"{""geodesic"":false,""type"":""Point"",""coordinates"":[75.79921485330634,26.89403247055547]}"
+421897+149673,4,1,"{""geodesic"":false,""type"":""Point"",""coordinates"":[75.79921485330634,26.890753619768432]}"
+421897+149784,1,1,"{""geodesic"":false,""type"":""Point"",""coordinates"":[75.79939451636317,26.910741134840094]}"
+421897+149790,1,1,"{""geodesic"":false,""type"":""Point"",""coordinates"":[75.79939451636317,26.911819113181036]}"
+421897+149849,1,1,"{""geodesic"":false,""type"":""Point"",""coordinates"":[75.79939451636317,26.922419233533645]}"
+421898+149707,50,1,"{""geodesic"":false,""type"":""Point"",""coordinates"":[75.79871898326951,26.896274665504635]}"
+421898+149777,2,1,"{""geodesic"":false,""type"":""Point"",""coordinates"":[75.79957417941999,26.909393661913914]}"
+421899+149649,5,1,"{""geodesic"":false,""type"":""Point"",""coordinates"":[75.79953824680862,26.88634289172341]}"
+421899+149694,6,1,"{""geodesic"":false,""type"":""Point"",""coordinates"":[75.79951429173438,26.894451684354728]}"
+421899+149803,4,1,"{""geodesic"":false,""type"":""Point"",""coordinates"":[75.79979875824101,26.913975069862925]}"
+421900+149730,9,1,"{""geodesic"":false,""type"":""Point"",""coordinates"":[75.79987361784804,26.90081974159104]}"
+421900+149831,10,1,"{""geodesic"":false,""type"":""Point"",""coordinates"":[75.80014910120182,26.918915803925582]}"
+421900+149883,31,1,"{""geodesic"":false,""type"":""Point"",""coordinates"":[75.79988134529133,26.9279598103828]}"
+421901+149617,1,1,"{""geodesic"":false,""type"":""Point"",""coordinates"":[75.80011316859046,26.8807374043505]}"
+421901+149650,3,1,"{""geodesic"":false,""type"":""Point"",""coordinates"":[75.80017305627607,26.886546509854476]}"
+421901+149701,6,1,"{""geodesic"":false,""type"":""Point"",""coordinates"":[75.79993350553363,26.895679381909687]}"
+421902+149738,4,1,"{""geodesic"":false,""type"":""Point"",""coordinates"":[75.8003826631757,26.90229697116937]}"
+421902+149806,8,1,"{""geodesic"":false,""type"":""Point"",""coordinates"":[75.80056232623252,26.914424227504984]}"
+421902+149862,2,1,"{""geodesic"":false,""type"":""Point"",""coordinates"":[75.80020300011887,26.924754853272358]}"
+421902+149870,2,1,"{""geodesic"":false,""type"":""Point"",""coordinates"":[75.80029283164728,26.92610232619854]}"
+421902+149886,3,1,"{""geodesic"":false,""type"":""Point"",""coordinates"":[75.80035271933289,26.92894699126492]}"
+421904+149706,2,1,"{""geodesic"":false,""type"":""Point"",""coordinates"":[75.80065215776094,26.896637584879418]}"
+421904+149727,2,1,"{""geodesic"":false,""type"":""Point"",""coordinates"":[75.80065215776094,26.900410509072717]}"
+421905+149701,7,1,"{""geodesic"":false,""type"":""Point"",""coordinates"":[75.8009858177236,26.895598105764936]}"
+421906+149695,82,1,"{""geodesic"":false,""type"":""Point"",""coordinates"":[75.80056889927118,26.893830897369767]}"
+421906+149861,2,1,"{""geodesic"":false,""type"":""Point"",""coordinates"":[75.80092165234616,26.924575190215535]}"
+421906+149884,1,1,"{""geodesic"":false,""type"":""Point"",""coordinates"":[75.80101148387457,26.928707440522484]}"
+421907+149806,3,1,"{""geodesic"":false,""type"":""Point"",""coordinates"":[75.80107137156018,26.914633834404608]}"
+421907+149829,8,1,"{""geodesic"":false,""type"":""Point"",""coordinates"":[75.80103394175669,26.918623851458243]}"
+421909+149712,52,1,"{""geodesic"":false,""type"":""Point"",""coordinates"":[75.80173013610187,26.897200759461384]}"
+421910+149634,1,1,"{""geodesic"":false,""type"":""Point"",""coordinates"":[75.80173013610187,26.88379167631651]}"
+421911+149686,59,1,"{""geodesic"":false,""type"":""Point"",""coordinates"":[75.80216254549288,26.892330239220474]}"
+421911+149717,1,1,"{""geodesic"":false,""type"":""Point"",""coordinates"":[75.8019097991587,26.89870371003289]}"
+421911+149720,4,1,"{""geodesic"":false,""type"":""Point"",""coordinates"":[75.80181996763028,26.89906303614654]}"
+421911+149870,6,1,"{""geodesic"":false,""type"":""Point"",""coordinates"":[75.8019696868443,26.925862775456103]}"
+421912+149716,1,1,"{""geodesic"":false,""type"":""Point"",""coordinates"":[75.80208946221552,26.898524046976068]}"
+421912+149816,7,1,"{""geodesic"":false,""type"":""Point"",""coordinates"":[75.80185846685674,26.91641335420553]}"
+421913+149639,2,1,"{""geodesic"":false,""type"":""Point"",""coordinates"":[75.80217929374393,26.884689991600627]}"
+421913+149719,4,1,"{""geodesic"":false,""type"":""Point"",""coordinates"":[75.80231404103655,26.898883373089717]}"
+421914+149691,6,1,"{""geodesic"":false,""type"":""Point"",""coordinates"":[75.80250867601477,26.893703088284624]}"
+421914+149827,5,1,"{""geodesic"":false,""type"":""Point"",""coordinates"":[75.80234099049508,26.918322915838065]}"
+421915+149716,2,1,"{""geodesic"":false,""type"":""Point"",""coordinates"":[75.802628451386,26.898434215447654]}"
+421915+149784,2,1,"{""geodesic"":false,""type"":""Point"",""coordinates"":[75.802628451386,26.91065130331168]}"
+421915+149858,1,1,"{""geodesic"":false,""type"":""Point"",""coordinates"":[75.802628451386,26.924036201045062]}"
+421916+149707,1,1,"{""geodesic"":false,""type"":""Point"",""coordinates"":[75.80280811444281,26.896907079464654]}"
+421916+149864,1,1,"{""geodesic"":false,""type"":""Point"",""coordinates"":[75.80280811444281,26.925114179386007]}"
+421917+149695,5,1,"{""geodesic"":false,""type"":""Point"",""coordinates"":[75.80277218183144,26.89460739233731]}"
+421918+149648,1,1,"{""geodesic"":false,""type"":""Point"",""coordinates"":[75.80316744055646,26.88630695911204]}"
+421918+149687,4,1,"{""geodesic"":false,""type"":""Point"",""coordinates"":[75.80312252479226,26.89313415527135]}"
+421918+149830,9,1,"{""geodesic"":false,""type"":""Point"",""coordinates"":[75.80292788981404,26.918865897520906]}"
+421918+149833,2,1,"{""geodesic"":false,""type"":""Point"",""coordinates"":[75.80307760902805,26.919544624624464]}"
+421919+149752,4,1,"{""geodesic"":false,""type"":""Point"",""coordinates"":[75.8033920193775,26.904812253964906]}"
+421919+149879,44,1,"{""geodesic"":false,""type"":""Point"",""coordinates"":[75.80316335730518,26.9271721380369]}"
+421920+149760,27,1,"{""geodesic"":false,""type"":""Point"",""coordinates"":[75.80352011248283,26.905963428366036]}"
+421920+149810,2,1,"{""geodesic"":false,""type"":""Point"",""coordinates"":[75.8034369351417,26.915412374317516]}"
+421921+149832,3,1,"{""geodesic"":false,""type"":""Point"",""coordinates"":[75.80352676667012,26.91936496156764]}"
+421922+149703,32,1,"{""geodesic"":false,""type"":""Point"",""coordinates"":[75.80291478938281,26.895806643241606]}"
+421923+149696,1,1,"{""geodesic"":false,""type"":""Point"",""coordinates"":[75.80406575584058,26.89493078583959]}"
+421923+149817,1,1,"{""geodesic"":false,""type"":""Point"",""coordinates"":[75.80406575584058,26.916670015715283]}"
+421925+149776,32,1,"{""geodesic"":false,""type"":""Point"",""coordinates"":[75.80421734654477,26.90886028721397]}"
+421927+149697,10,1,"{""geodesic"":false,""type"":""Point"",""coordinates"":[75.80487423959629,26.89480502169981]}"
+421927+149838,1,1,"{""geodesic"":false,""type"":""Point"",""coordinates"":[75.80478440806787,26.920442939908583]}"
+421928+149725,2,1,"{""geodesic"":false,""type"":""Point"",""coordinates"":[75.8049640711247,26.90005118295907]}"
+421929+149654,4,1,"{""geodesic"":false,""type"":""Point"",""coordinates"":[75.80505390265311,26.887295105924572]}"
+421929+149691,2,1,"{""geodesic"":false,""type"":""Point"",""coordinates"":[75.80505390265311,26.89403247055547]}"
+421929+149869,6,1,"{""geodesic"":false,""type"":""Point"",""coordinates"":[75.8049640711247,26.925922663141712]}"
+421930+149644,1,1,"{""geodesic"":false,""type"":""Point"",""coordinates"":[75.80532339723835,26.885588306884745]}"
+421930+149690,1,1,"{""geodesic"":false,""type"":""Point"",""coordinates"":[75.80532339723835,26.893852807498646]}"
+421931+149700,1,1,"{""geodesic"":false,""type"":""Point"",""coordinates"":[75.80550306029518,26.895649438066886]}"
+421931+149777,2,1,"{""geodesic"":false,""type"":""Point"",""coordinates"":[75.80550306029518,26.909393661913914]}"
+421931+149814,3,1,"{""geodesic"":false,""type"":""Point"",""coordinates"":[75.80532339723835,26.91613102654481]}"
+421932+149649,1,1,"{""geodesic"":false,""type"":""Point"",""coordinates"":[75.80568272335199,26.886486622168867]}"
+421932+149722,2,1,"{""geodesic"":false,""type"":""Point"",""coordinates"":[75.8055928918236,26.899602025317012]}"
+421932+149866,3,1,"{""geodesic"":false,""type"":""Point"",""coordinates"":[75.80556294798077,26.925413617814044]}"
+421933+149616,2,1,"{""geodesic"":false,""type"":""Point"",""coordinates"":[75.8057725548804,26.88055774129368]}"
+421933+149622,6,1,"{""geodesic"":false,""type"":""Point"",""coordinates"":[75.8057725548804,26.881456056577797]}"
+421933+149657,1,1,"{""geodesic"":false,""type"":""Point"",""coordinates"":[75.80586238640882,26.887923926623458]}"
+421934+149721,3,1,"{""geodesic"":false,""type"":""Point"",""coordinates"":[75.80604204946565,26.899242699203363]}"
+421934+149833,4,1,"{""geodesic"":false,""type"":""Point"",""coordinates"":[75.80595221793723,26.91945479309605]}"
+421935+149758,3,1,"{""geodesic"":false,""type"":""Point"",""coordinates"":[75.80604204946565,26.906069895362673]}"
+421936+149660,1,1,"{""geodesic"":false,""type"":""Point"",""coordinates"":[75.8064013755793,26.88846291579393]}"
+421936+149853,4,1,"{""geodesic"":false,""type"":""Point"",""coordinates"":[75.80631154405089,26.92304805423253]}"
+421937+149806,1,1,"{""geodesic"":false,""type"":""Point"",""coordinates"":[75.80658103863612,26.91469372209022]}"
+421938+149691,23,1,"{""geodesic"":false,""type"":""Point"",""coordinates"":[75.80661228438512,26.893704390190837]}"
+421938+149850,2,1,"{""geodesic"":false,""type"":""Point"",""coordinates"":[75.80667087016452,26.922598896590472]}"
+421939+149703,5,1,"{""geodesic"":false,""type"":""Point"",""coordinates"":[75.80686849952703,26.89611656201463]}"
+421940+149625,9,1,"{""geodesic"":false,""type"":""Point"",""coordinates"":[75.80694036474976,26.88199504574827]}"
+421941+149752,1,1,"{""geodesic"":false,""type"":""Point"",""coordinates"":[75.80729969086342,26.90499191702173]}"
+421941+149774,5,1,"{""geodesic"":false,""type"":""Point"",""coordinates"":[75.80715596041796,26.908872639049125]}"
+421941+149852,2,1,"{""geodesic"":false,""type"":""Point"",""coordinates"":[75.807209859335,26.922958222704118]}"
+421944+149717,30,1,"{""geodesic"":false,""type"":""Point"",""coordinates"":[75.80810817461912,26.89815873209386]}"
+421944+149770,40,1,"{""geodesic"":false,""type"":""Point"",""coordinates"":[75.8074479128853,26.907588048192835]}"
+421944+149838,9,1,"{""geodesic"":false,""type"":""Point"",""coordinates"":[75.80761909185333,26.920343127099237]}"
+421944+149860,2,1,"{""geodesic"":false,""type"":""Point"",""coordinates"":[75.80774884850547,26.92439552715871]}"
+421945+149748,3,1,"{""geodesic"":false,""type"":""Point"",""coordinates"":[75.80807823077632,26.90415348942322]}"
+421945+149777,6,1,"{""geodesic"":false,""type"":""Point"",""coordinates"":[75.80816806230473,26.909184055014286]}"
+421946+149637,5,1,"{""geodesic"":false,""type"":""Point"",""coordinates"":[75.80841360181573,26.884186935041523]}"
+421947+149725,1,1,"{""geodesic"":false,""type"":""Point"",""coordinates"":[75.80837766920436,26.90014101448748]}"
+421947+149779,1,1,"{""geodesic"":false,""type"":""Point"",""coordinates"":[75.80837766920436,26.909842819555973]}"
+421947+149803,1,1,"{""geodesic"":false,""type"":""Point"",""coordinates"":[75.80837766920436,26.914154732919748]}"
+421948+149679,2,1,"{""geodesic"":false,""type"":""Point"",""coordinates"":[75.80846750073277,26.891876513873584]}"
+421948+149748,1,1,"{""geodesic"":false,""type"":""Point"",""coordinates"":[75.80855733226119,26.904273264794433]}"
+421948+149888,2,1,"{""geodesic"":false,""type"":""Point"",""coordinates"":[75.80846750073277,26.92942609274978]}"
+421949+149836,4,1,"{""geodesic"":false,""type"":""Point"",""coordinates"":[75.8086022480254,26.92003869803073]}"
+421950+149700,1,1,"{""geodesic"":false,""type"":""Point"",""coordinates"":[75.80891665837483,26.895649438066886]}"
+421950+149738,45,1,"{""geodesic"":false,""type"":""Point"",""coordinates"":[75.80924404438949,26.901877757370112]}"
+421951+149675,3,1,"{""geodesic"":false,""type"":""Point"",""coordinates"":[75.80903643374604,26.891038086275074]}"
+421951+149742,1,1,"{""geodesic"":false,""type"":""Point"",""coordinates"":[75.80909632143165,26.90319528645349]}"
+421951+149787,7,1,"{""geodesic"":false,""type"":""Point"",""coordinates"":[75.80876266146898,26.911177459406666]}"
+421952+149702,2,1,"{""geodesic"":false,""type"":""Point"",""coordinates"":[75.80918615296007,26.896008764180532]}"
+421952+149723,1,1,"{""geodesic"":false,""type"":""Point"",""coordinates"":[75.80927598448848,26.899781688373835]}"
+421952+149783,13,1,"{""geodesic"":false,""type"":""Point"",""coordinates"":[75.80966295107241,26.910215965904765]}"
+421952+149796,9,1,"{""geodesic"":false,""type"":""Point"",""coordinates"":[75.80909632143165,26.912717428465157]}"
+421952+149802,1,1,"{""geodesic"":false,""type"":""Point"",""coordinates"":[75.80927598448848,26.913975069862925]}"
+421952+149830,2,1,"{""geodesic"":false,""type"":""Point"",""coordinates"":[75.80927598448848,26.918915803925582]}"
+421953+149635,1,1,"{""geodesic"":false,""type"":""Point"",""coordinates"":[75.8094556475453,26.883971339373332]}"
+421953+149775,1,1,"{""geodesic"":false,""type"":""Point"",""coordinates"":[75.8094556475453,26.909124167328677]}"
+421954+149646,5,1,"{""geodesic"":false,""type"":""Point"",""coordinates"":[75.8095634453794,26.885732037330204]}"
+421954+149805,1,1,"{""geodesic"":false,""type"":""Point"",""coordinates"":[75.80963531060213,26.914514059033394]}"
+421955+149657,4,1,"{""geodesic"":false,""type"":""Point"",""coordinates"":[75.80972514213053,26.887834095095045]}"
+421955+149791,3,1,"{""geodesic"":false,""type"":""Point"",""coordinates"":[75.80969519828773,26.91193888855225]}"
+421957+149656,1,1,"{""geodesic"":false,""type"":""Point"",""coordinates"":[75.8101742997726,26.887744263566635]}"
+421957+149712,2,1,"{""geodesic"":false,""type"":""Point"",""coordinates"":[75.8101742997726,26.89771556322036]}"
+421958+149700,1,1,"{""geodesic"":false,""type"":""Point"",""coordinates"":[75.81035396282942,26.895649438066886]}"
+421960+149631,8,1,"{""geodesic"":false,""type"":""Point"",""coordinates"":[75.81055608376835,26.88305056620711]}"
+421960+149697,24,1,"{""geodesic"":false,""type"":""Point"",""coordinates"":[75.81057105568975,26.894908327957488]}"
+421960+149721,3,1,"{""geodesic"":false,""type"":""Point"",""coordinates"":[75.81065340125747,26.89930258688897]}"
+421960+149833,3,1,"{""geodesic"":false,""type"":""Point"",""coordinates"":[75.81065340125747,26.91942484925325]}"
+421961+149737,3,1,"{""geodesic"":false,""type"":""Point"",""coordinates"":[75.8108330643143,26.90223708348376]}"
+421962+149638,4,1,"{""geodesic"":false,""type"":""Point"",""coordinates"":[75.8109378677641,26.884375581251184]}"
+421962+149773,3,1,"{""geodesic"":false,""type"":""Point"",""coordinates"":[75.81089295199989,26.90876484121503]}"
+421963+149628,64,1,"{""geodesic"":false,""type"":""Point"",""coordinates"":[75.81094628946988,26.881739587339347]}"
+421963+149635,2,1,"{""geodesic"":false,""type"":""Point"",""coordinates"":[75.81125227811354,26.88388150784492]}"
+421963+149828,2,1,"{""geodesic"":false,""type"":""Point"",""coordinates"":[75.81116244658513,26.918646309340346]}"
+421964+149758,1,1,"{""geodesic"":false,""type"":""Point"",""coordinates"":[75.81143194117037,26.906069895362673]}"
+421964+149807,6,1,"{""geodesic"":false,""type"":""Point"",""coordinates"":[75.81149182885596,26.914663778247416]}"
+421965+149630,3,1,"{""geodesic"":false,""type"":""Point"",""coordinates"":[75.8116116042272,26.882893361032387]}"
+421966+149614,1,1,"{""geodesic"":false,""type"":""Point"",""coordinates"":[75.81179126728401,26.88019841518003]}"
+421966+149634,3,1,"{""geodesic"":false,""type"":""Point"",""coordinates"":[75.81179126728401,26.883612013259683]}"
+421967+149735,2,1,"{""geodesic"":false,""type"":""Point"",""coordinates"":[75.81197093034083,26.90184781352731]}"
+421967+149788,1,1,"{""geodesic"":false,""type"":""Point"",""coordinates"":[75.81197093034083,26.91145978706739]}"
+421968+149619,1,1,"{""geodesic"":false,""type"":""Point"",""coordinates"":[75.81215059339766,26.881096730464147]}"
+421968+149693,7,1,"{""geodesic"":false,""type"":""Point"",""coordinates"":[75.81212492724669,26.894109469008395]}"
+421968+149712,19,1,"{""geodesic"":false,""type"":""Point"",""coordinates"":[75.81173453158185,26.897342053181173]}"
+421968+149729,4,1,"{""geodesic"":false,""type"":""Point"",""coordinates"":[75.81206076186925,26.900769835186367]}"
+421969+149743,16,1,"{""geodesic"":false,""type"":""Point"",""coordinates"":[75.81213936445661,26.903071768101924]}"
+421970+149846,1,1,"{""geodesic"":false,""type"":""Point"",""coordinates"":[75.81250991951131,26.921880244363177]}"
+421971+149614,2,1,"{""geodesic"":false,""type"":""Point"",""coordinates"":[75.81259975103973,26.88019841518003]}"
+421971+149732,5,1,"{""geodesic"":false,""type"":""Point"",""coordinates"":[75.8126177173454,26.901183060217058]}"
+421971+149795,3,1,"{""geodesic"":false,""type"":""Point"",""coordinates"":[75.81262969488253,26.912657540779545]}"
+421972+149801,5,1,"{""geodesic"":false,""type"":""Point"",""coordinates"":[75.81279738040222,26.913579811137907]}"
+421972+149815,4,1,"{""geodesic"":false,""type"":""Point"",""coordinates"":[75.81268958256813,26.91622085807322]}"
+421973+149681,1,1,"{""geodesic"":false,""type"":""Point"",""coordinates"":[75.81304890868178,26.89223583998723]}"
+421974+149630,1,1,"{""geodesic"":false,""type"":""Point"",""coordinates"":[75.8132285717386,26.88307302408921]}"
+421975+149823,2,1,"{""geodesic"":false,""type"":""Point"",""coordinates"":[75.81331840326702,26.917747994056224]}"
+421976+149723,1,1,"{""geodesic"":false,""type"":""Point"",""coordinates"":[75.81358789785226,26.899781688373835]}"
+421976+149809,1,1,"{""geodesic"":false,""type"":""Point"",""coordinates"":[75.81358789785226,26.91523271126069]}"
+421977+149631,133,1,"{""geodesic"":false,""type"":""Point"",""coordinates"":[75.81372568455748,26.881576282232363]}"
+421977+149706,1,1,"{""geodesic"":false,""type"":""Point"",""coordinates"":[75.81376756090907,26.896727416407828]}"
+421977+149711,1,1,"{""geodesic"":false,""type"":""Point"",""coordinates"":[75.81376756090907,26.89762573169195]}"
+421979+149688,1,1,"{""geodesic"":false,""type"":""Point"",""coordinates"":[75.81412688702272,26.893493481384997]}"
+421979+149798,1,1,"{""geodesic"":false,""type"":""Point"",""coordinates"":[75.81412688702272,26.913256417635626]}"
+421979+149887,2,1,"{""geodesic"":false,""type"":""Point"",""coordinates"":[75.81403705549431,26.929246429692956]}"
+421980+149654,1,1,"{""geodesic"":false,""type"":""Point"",""coordinates"":[75.81430655007955,26.887384937452985]}"
+421981+149692,3,1,"{""geodesic"":false,""type"":""Point"",""coordinates"":[75.81436643776514,26.894152245926684]}"
+421981+149706,5,1,"{""geodesic"":false,""type"":""Point"",""coordinates"":[75.81434248269092,26.8966555511851]}"
+421981+149776,2,1,"{""geodesic"":false,""type"":""Point"",""coordinates"":[75.81448621313638,26.90921399885709]}"
+421981+149809,53,1,"{""geodesic"":false,""type"":""Point"",""coordinates"":[75.81411671741573,26.914422532570487]}"
+421982+149785,2,1,"{""geodesic"":false,""type"":""Point"",""coordinates"":[75.81457604466479,26.910920797896917]}"
+421982+149828,2,1,"{""geodesic"":false,""type"":""Point"",""coordinates"":[75.81457604466479,26.918646309340346]}"
+421983+149779,1,1,"{""geodesic"":false,""type"":""Point"",""coordinates"":[75.81484553925002,26.909842819555973]}"
+421984+149613,1,1,"{""geodesic"":false,""type"":""Point"",""coordinates"":[75.81502520230684,26.880018752123206]}"
+421984+149773,7,1,"{""geodesic"":false,""type"":""Point"",""coordinates"":[75.81484553925002,26.908636510460155]}"
+421984+149780,1,1,"{""geodesic"":false,""type"":""Point"",""coordinates"":[75.81502520230684,26.9100224826128]}"
+421985+149723,3,1,"{""geodesic"":false,""type"":""Point"",""coordinates"":[75.81508508999245,26.899721800688226]}"
+421986+149619,1,1,"{""geodesic"":false,""type"":""Point"",""coordinates"":[75.8153845284205,26.881096730464147]}"
+421987+149655,13,1,"{""geodesic"":false,""type"":""Point"",""coordinates"":[75.81510812371769,26.887357296982707]}"
+421987+149690,40,1,"{""geodesic"":false,""type"":""Point"",""coordinates"":[75.815496817831,26.892532284030988]}"
+421987+149739,1,1,"{""geodesic"":false,""type"":""Point"",""coordinates"":[75.81556419147732,26.902656297283016]}"
+421987+149808,7,1,"{""geodesic"":false,""type"":""Point"",""coordinates"":[75.81551285917536,26.914873385147043]}"
+421988+149735,2,1,"{""geodesic"":false,""type"":""Point"",""coordinates"":[75.81574385453413,26.90184781352731]}"
+421989+149666,28,1,"{""geodesic"":false,""type"":""Point"",""coordinates"":[75.81546794341115,26.889168734945738]}"
+421989+149725,1,1,"{""geodesic"":false,""type"":""Point"",""coordinates"":[75.81592351759096,26.90014101448748]}"
+421989+149806,1,1,"{""geodesic"":false,""type"":""Point"",""coordinates"":[75.81592351759096,26.91469372209022]}"
+421990+149658,2,1,"{""geodesic"":false,""type"":""Point"",""coordinates"":[75.81601334911937,26.88810358968028]}"
+421990+149729,1,1,"{""geodesic"":false,""type"":""Point"",""coordinates"":[75.81610318064779,26.90085966671478]}"
+421991+149754,15,1,"{""geodesic"":false,""type"":""Point"",""coordinates"":[75.81595945020233,26.905123669930067]}"
+421991+149766,1,1,"{""geodesic"":false,""type"":""Point"",""coordinates"":[75.81628284370461,26.907507199817264]}"
+421992+149661,1,1,"{""geodesic"":false,""type"":""Point"",""coordinates"":[75.81646250676144,26.888642578850753]}"
+421992+149665,1,1,"{""geodesic"":false,""type"":""Point"",""coordinates"":[75.81646250676144,26.88936123107805]}"
+421992+149740,1,1,"{""geodesic"":false,""type"":""Point"",""coordinates"":[75.81646250676144,26.902835960339843]}"
+421992+149761,1,1,"{""geodesic"":false,""type"":""Point"",""coordinates"":[75.81646250676144,26.906608884533142]}"
+421993+149664,1,1,"{""geodesic"":false,""type"":""Point"",""coordinates"":[75.81664216981825,26.889181568021225]}"
+421993+149756,3,1,"{""geodesic"":false,""type"":""Point"",""coordinates"":[75.81670205750386,26.90559079387781]}"
+421994+149715,1,1,"{""geodesic"":false,""type"":""Point"",""coordinates"":[75.81682183287508,26.898344383919245]}"
+421994+149776,6,1,"{""geodesic"":false,""type"":""Point"",""coordinates"":[75.81664216981825,26.90921399885709]}"
+421995+149748,4,1,"{""geodesic"":false,""type"":""Point"",""coordinates"":[75.8169565801677,26.904138517501814]}"
+421995+149769,1,1,"{""geodesic"":false,""type"":""Point"",""coordinates"":[75.8170014959319,26.908046188987736]}"
+421995+149794,1,1,"{""geodesic"":false,""type"":""Point"",""coordinates"":[75.8170014959319,26.91253776540833]}"
+421996+149626,1,1,"{""geodesic"":false,""type"":""Point"",""coordinates"":[75.81718115898873,26.882354371861915]}"
+421996+149779,1,1,"{""geodesic"":false,""type"":""Point"",""coordinates"":[75.81718115898873,26.909842819555973]}"
+421996+149783,1,1,"{""geodesic"":false,""type"":""Point"",""coordinates"":[75.81718115898873,26.910561471783268]}"
+421997+149651,31,1,"{""geodesic"":false,""type"":""Point"",""coordinates"":[75.81690876661226,26.886260594452217]}"
+421999+149677,4,1,"{""geodesic"":false,""type"":""Point"",""coordinates"":[75.81758540086658,26.891382440467318]}"
+421999+149762,9,1,"{""geodesic"":false,""type"":""Point"",""coordinates"":[75.81744067229303,26.906628847095014]}"
+421999+149764,2,1,"{""geodesic"":false,""type"":""Point"",""coordinates"":[75.81763031663078,26.907147873703614]}"
+422000+149659,5,1,"{""geodesic"":false,""type"":""Point"",""coordinates"":[75.81775608077056,26.888211387514378]}"
+422000+149682,9,1,"{""geodesic"":false,""type"":""Point"",""coordinates"":[75.8177201481592,26.89223583998723]}"
+422000+149743,4,1,"{""geodesic"":false,""type"":""Point"",""coordinates"":[75.81780997968761,26.903285117981902]}"
+422000+149841,2,1,"{""geodesic"":false,""type"":""Point"",""coordinates"":[75.81789981121602,26.920892097550645]}"
+422001+149637,1,1,"{""geodesic"":false,""type"":""Point"",""coordinates"":[75.81807947427285,26.884330665486978]}"
+422001+149747,2,1,"{""geodesic"":false,""type"":""Point"",""coordinates"":[75.81807947427285,26.904003770209197]}"
+422001+149776,11,1,"{""geodesic"":false,""type"":""Point"",""coordinates"":[75.81796514323669,26.909058835308013]}"
+422001+149798,2,1,"{""geodesic"":false,""type"":""Point"",""coordinates"":[75.81807947427285,26.913166586107216]}"
+422002+149649,1,1,"{""geodesic"":false,""type"":""Point"",""coordinates"":[75.81825913732968,26.886486622168867]}"
+422002+149732,3,1,"{""geodesic"":false,""type"":""Point"",""coordinates"":[75.81807947427285,26.90139865588525]}"
+422002+149737,3,1,"{""geodesic"":false,""type"":""Point"",""coordinates"":[75.81819924964407,26.90223708348376]}"
+422002+149778,1,1,"{""geodesic"":false,""type"":""Point"",""coordinates"":[75.81825913732968,26.90966315649915]}"
+422003+149653,2,1,"{""geodesic"":false,""type"":""Point"",""coordinates"":[75.81834896885809,26.887205274396162]}"
+422005+149658,6,1,"{""geodesic"":false,""type"":""Point"",""coordinates"":[75.81861846344331,26.88795387046626]}"
+422006+149736,2,1,"{""geodesic"":false,""type"":""Point"",""coordinates"":[75.81888795802855,26.902117308112544]}"
+422006+149743,1,1,"{""geodesic"":false,""type"":""Point"",""coordinates"":[75.81897778955697,26.90337494951031]}"
+422006+149756,2,1,"{""geodesic"":false,""type"":""Point"",""coordinates"":[75.81897778955697,26.90562073772061]}"
+422009+149638,4,1,"{""geodesic"":false,""type"":""Point"",""coordinates"":[75.81947186296324,26.884330665486978]}"
+422009+149854,2,1,"{""geodesic"":false,""type"":""Point"",""coordinates"":[75.81942694719903,26.923317548817767]}"
+422010+149647,4,1,"{""geodesic"":false,""type"":""Point"",""coordinates"":[75.81960661025585,26.886037464526805]}"
+422010+149662,1,1,"{""geodesic"":false,""type"":""Point"",""coordinates"":[75.81969644178426,26.888822241907576]}"
+422010+149749,2,1,"{""geodesic"":false,""type"":""Point"",""coordinates"":[75.81969644178426,26.904363096322843]}"
+422010+149784,10,1,"{""geodesic"":false,""type"":""Point"",""coordinates"":[75.81939101458767,26.910417741337813]}"
+422010+149790,6,1,"{""geodesic"":false,""type"":""Point"",""coordinates"":[75.81954672257025,26.911639450124213]}"
+422011+149632,18,1,"{""geodesic"":false,""type"":""Point"",""coordinates"":[75.81972638562708,26.8827236792565]}"
+422011+149651,1,1,"{""geodesic"":false,""type"":""Point"",""coordinates"":[75.81987610484109,26.886845948282513]}"
+422011+149655,1,1,"{""geodesic"":false,""type"":""Point"",""coordinates"":[75.81987610484109,26.88756460050981]}"
+422011+149661,1,1,"{""geodesic"":false,""type"":""Point"",""coordinates"":[75.81987610484109,26.888642578850753]}"
+422011+149708,4,1,"{""geodesic"":false,""type"":""Point"",""coordinates"":[75.81978627331267,26.896996910993064]}"
+422011+149714,12,1,"{""geodesic"":false,""type"":""Point"",""coordinates"":[75.81972638562708,26.897790422827367]}"
